verdict	originMatch	band	headword	reading	glossEn	ko_word	ko_origin	ko_definition	id
3	n	3	田舎者	いなかもの	person from the countryside, countryman, countryfolk, provincial person	전사-자(1)	全史字	조선 철종 때에 만든 구리 활자. 청조체(淸朝體)의 근대적 활자로, 약 8만 자를 만들었는데 조선 시대에 주조된 활자로서는 가장 나중에 만들어진 것이다. 운현궁에 보존되어 있으며, 인쇄본으로 ≪목재집(牧齋集)≫·≪양전편고(兩銓便攷)≫ 따위가 있다.	1442770
3	n	2	極楽	ごくらく	Sukhavati (Amitabha's Pure Land), paradise, heaven on earth	극악(0)	極惡	마음씨나 행동이 더할 나위 없이 악함.	1240250
3	n	2	管長	かんちょう	superintendent priest, chief abbot	관장(1)	官匠	고려·조선 시대에, 관아에 속한 장인.	1614250
3	n	1	放題	ほうだい	(doing) as one pleases, to one's heart's content, letting (something) go unchecked, leaving uncontrolled	방제(1)	方劑	약제를 적절하게 조합하여 섞는 일.	1516770
3	n	0	個展	こてん	solo exhibition, one-man exhibition, one-woman exhibition	개전(1)	改悛	행실이나 태도의 잘못을 뉘우치고 마음을 바르게 고쳐먹음.	1264990
1	Y	1	一代	いちだい	generation, lifetime, age	일대(2)	一代	한 시대나 한 세대 전체.	1164590
3	n	3	漁労	ぎょろう	fishing, fishery	어로(1)	御路	임금이 거둥하는 길.	1233090
1	Y	1	月収	げっしゅう	monthly income	월수(2)	月收	한 달 동안의 수입.	1255700
3	n	0	分担	ぶんたん	taking on one's share (e.g. of work), dividing (work, expenses, etc.) between, apportionment, allotment	분단(1)	分段	사물을 여러 단계로 나눔. 또는 그 단계.	1503950
3	n	2	不仲	ふなか	discord, (on) bad terms (with)	부중(1)	不中	화살이나 총알 따위가 과녁에 맞지 아니함. 또는 과녁을 맞히지 못함.	1493810
1	Y	0	任意	にんい	optional, voluntary, arbitrary, random	임의(0)	任意	정해진 기준이나 원칙이 없이 내키는 대로의 생각이나 마음.	1467160
1	Y	3	性病	せいびょう	sexually transmitted disease, STD, sexually transmitted infection, STI	성병(2)	性病	주로 불결한 성행위(性行爲)에 의하여 전염되는 병. 매독, 임질, 무른궤양, 클라미디아(chlamydia) 따위가 있다.	1375490
1	Y	2	塩基	えんき	base	염기(6)	鹽基	산과 반응하여 염을 만드는 물질. 물에 녹으면 하이드록시 이온을 낸다. 암모니아수, 잿물 따위가 있다.	1178680
3	n	2	先方	せんぽう	other party, other side, ahead, in front	선방(1)	仙方	신선이 행하는 술법.	1388600
1	Y	2	拙速	せっそく	rough-and-ready, knocked-up, hasty, slipshod	졸속(0)	拙速	어설프고 빠름. 또는 그런 태도.	1385300
3	n	0	目安	めやす	criterion, standard, yardstick, reference	목안(0)	木雁	나무로 만들어 채색한 기러기. 전통 혼례 때에 산 기러기 대신 쓴다.	1535280
3	n	1	常連	じょうれん	regular customer, regular patron, regular visitor, frequenter	상련(1)	相連	서로 잇닿음. 또는 잇대어 붙임.	1356200
1	Y	2	征服	せいふく	conquest, subjugation, overcoming (a difficulty), conquering (e.g. a mountain)	정복(2)	征服	남의 나라나 이민족 따위를 정벌하여 복종시킴.	1375230
1	Y	2	即売	そくばい	selling on the spot	즉매(0)	卽賣	상품을 벌여 놓은 그 자리에서 당장 팔아 버림. 전시장이나 박람회 같은 데서 흔히 이루어진다.	1404300
1	Y	3	盛土	もりど	embankment (for road, railway, etc.), raising the ground level, fill	성토(2)	盛土	흙을 쌓음.	1764400
3	n	0	手口	てぐち	modus operandi, criminal technique, trick	수구(1)		한약을 가공하는 방법의 하나. 소나 염소의 젖을 졸여서 한약재에 발라 젖이 다 스며들 때까지 볶거나 굽는다.	1327590
3	n	3	清朝	しんちょう	Qing dynasty (of China; 1644-1912), Ch'ing dynasty, Manchu dynasty, seichōtai	청조(1)	靑鳥	반가운 사자(使者)나 편지를 이르는 말. 푸른 새가 온 것을 보고 동방삭이 서왕모의 사자라고 한 한무(漢武)의 고사에서 유래한다.	1750680
1	Y	1	要職	ようしょく	important post, important office, key position	요직(0)	要職	중요한 직책이나 직위.	1836270
1	Y	3	難易	なんい	(relative) difficulty	난이(0)	難易	어려움과 쉬움.	1460870
3	n	1	返上	へんじょう	return, giving back, giving up, relinquishing	반상(1)	反上	윗사람에게 거역함.	1512230
1	Y	0	百億	ひゃくおく	10,000,000,000, ten billion	백억(0)	百億	억의 백 배가 되는 수. 	1488010
3	n	2	近道	ちかみち	shorter way, shortcut	근도(0)	筋度	힘줄의 크기와 세기를 가늠하여 보는 일. 예전에, 화침을 놓기 전이나 침을 놓고 센 자극을 주기 전에 하였다.	1597380
3	n	1	書留	かきとめ	registered mail, registered post, registration (of mail), (putting on) record	서류(1)	西流	강물이나 냇물이 서쪽으로 흐름.	1589960
1	Y	3	反射的	はんしゃてき	reflexive, reflecting	반사-적(0)	反射的	어떤 자극에 순간적으로 무의식적 반응을 보이는 것.	1480470
1	Y	1	地表	ちひょう	surface of the earth, ground surface	지표(1)	地表	지구의 표면. 또는 땅의 겉면.	1622600
1	Y	2	執着	しゅうちゃく	attachment, adhesion, insistence, tenacity	집착(2)	執着	어떤 것에 늘 마음이 쏠려 잊지 못하고 매달림.	1594740
1	Y	3	俸給	ほうきゅう	salary (esp. public employees), wages, pay	봉급(0)	俸給	어떤 직장에서 계속적으로 일하는 사람이 그 일의 대가로 정기적으로 받는 일정한 보수.	1515280
3	Y	0	京都	きょうと	Kyoto (city, prefecture)	경도(1)	京都	한 나라의 중앙 정부가 있는 곳.	1652350
3	n	1	球界	きゅうかい	the baseball world	구계(1)	九界	십계(十界) 중에서 불계(佛界)를 제외한, 지옥·아귀·축생·수라(修羅)·인간·천상·성문·연각·보살의 아홉 세계.	1783610
1	Y	2	炭田	たんでん	coalfield, coal field	탄전(0)	炭田	석탄이 묻혀 있는 땅.	1661270
3	n	3	急場	きゅうば	emergency, crisis, critical moment, urgent move (required to prevent a major loss, to stabilize a group, etc.)	급장(1)	急裝	급하게 몸치장을 함.	1228770
3	n	3	畑地	はたち	farmland	전지(1)		아이들에게 억지로 약을 먹이려 할 때 위아래 턱을 벌려 입에 물리는 두 갈래가 진 막대기 따위의 물건.	1476550
1	Y	1	自在	じざい	being able to do as one pleases, doing at will, pothook	자재(1)	自在	저절로 있음.	1317750
1	Y	0	家具	かぐ	furniture	가구(4)	家具	집안 살림에 쓰는 기구. 주로 장롱·책장·탁자 따위와 같이 비교적 큰 제품을 이른다.	1191870
1	Y	0	過去	かこ	the past, bygone days, one's past (that one would prefer remained secret), past (tense)	과거(2)	過去	이미 지나간 때.	1196030
3	n	0	負債	ふさい	debt, liabilities	부채(1)		손으로 흔들어 바람을 일으키는 물건. 대오리로 살을 하고 종이나 헝겊 따위를 발라서 자루를 붙여 만든다. 태극선, 미선, 합죽선, 부들부채, 까치선 따위가 있다.	1498080
1	Y	1	直径	ちょっけい	diameter	직경(1)	直徑	원이나 구 따위에서, 중심을 지나는 직선으로 그 둘레 위의 두 점을 이은 선분. 또는 그 선분의 길이.	1597720
1	Y	2	英訳	えいやく	English translation	영역(1)	英譯	영어로 번역함.	1174670
1	Y	2	洋酒	ようしゅ	Western wine and spirits, Western liquor	양주(4)	洋酒	서양에서 들여온 술.	1545980
1	n	3	僧院	そういん	monastery, temple	승원(0)	僧院/僧園	승려가 불상을 모시고 불도(佛道)를 닦으며 교법을 펴는 집.	1398080
1	Y	1	下半期	しもはんき	second half of the year, second half of the fiscal year	하-반기(0)	下半期	한 해나 어떤 일정한 기간을 둘로 나누었을 때 나중 되는 기간.	1576980
1	Y	0	脚本	きゃくほん	script, screenplay, scenario	각본(2)	脚本	연극이나 영화를 만들기 위하여 쓴 글. 배우의 동작이나 대사, 무대 장치 따위가 구체적으로 적혀 있다.	1226880
3	n	0	過疎	かそ	underpopulation, low population density, depopulation	과소(1)	果蔬	과일과 채소를 아울러 이르는 말.	1196220
3	n	3	笛吹	ふえふき	flute player, flutist, flautist, piper	적취(1)	摘取	집어내어 가짐.	1437320
1	Y	2	電信	でんしん	(electric) telegraph, telegraphy, telegraphic communication, telegram	전신(8)	電信	문자나 숫자를 전기 신호로 바꾸어 전파나 전류로 보내는 통신.	1443560
1	Y	1	地方公共団体	ちほうこうきょうだんたい	local public body, local government	지방^공공^단체(0)	地方公共團體	특별시·통합특별시·광역시·특별자치시·도·특별자치도·시·군·구와 같이, 국가 영토의 일부를 구역으로 하여 그 구역 내에서 법이 인정하는 한도의 지배권을 소유하는 단체. 주민의 복리에 관한 사무를 처리하고 재산을 관리하며 법령의 범위 안에서 자치에 관한 규정을 제정할 수 있다.	1942350
3	n	3	砂煙	すなけむり	cloud of sand (dust, etc.)	사연(1)	四筵	사방의 자리라는 뜻으로, 주위의 사람들을 이르는 말.	1754550
1	Y	3	刀剣	とうけん	sword, dagger, knife, bayonet	도검(1)	刀劍	칼과 검(劍)을 아울러 이르는 말.	1446490
1	Y	3	大漁	たいりょう	big catch (fishing), good haul	대어(2)	大漁	물고기가 많이 잡힘.	1413450
3	n	2	語源	ごげん	origin of a word, derivation of a word, etymology	어원(1)	御苑	예전에, 궁궐 안에 있던 동산이나 후원.	1271090
3	n	1	万歳	ばんざい	banzai, hurray, hurrah, hooray	만세(1)	晩歲	나이가 들어 늙어 가는 시기.	1601350
1	Y	3	比類	ひるい	parallel, equal, match	비류(1)	比類	비슷한 종류.	1626940
3	n	0	受皿	うけざら	saucer, person (group, institution, etc.) to take over a position or matter, receptacle (e.g. of funds), receiver	수명(1)		→ 수멍.	1329620
3	n	2	羽目	はめ	panel, wainscoting, wainscotting, plight	우목(1)	牛目	소의 눈.	1171820
2	n	1	封筒	ふうとう	envelope	봉통(0)	封筒/封筩	편지나 서류 따위를 넣기 위하여 종이로 만든 주머니.	1499690
3	n	2	鉢植	はちうえ	potted plant, potting	발식(0)	髮飾	예전에, 여자들이 머리를 장식할 때 사용하던 나무 장식품. 주로 횡장 각배(橫長角背)의 빗이 많다.	1477110
1	Y	3	不謹慎	ふきんしん	imprudent, indiscreet, immodest, indecent	불-근신(0)	不謹愼	삼가고 조심하지 아니함.	1492010
1	Y	3	原著	げんちょ	the original work	원저(1)	原著	번역하거나 번안한 것의 근본이 되는 저작.	1262130
1	Y	2	王立	おうりつ	royal (institution)	왕립(0)	王立	국왕이나 왕족이 세움. 또는 그런 것.	1181710
1	Y	2	即興	そっきょう	improvisation, improvised, impromptu, extempore	즉흥(0)	卽興	그 자리에서 바로 일어나는 감흥. 또는 그런 기분.	1404130
1	Y	3	不確定	ふかくてい	uncertain, indefinite	불-확정(0)	不確定	일이나 계획 따위가 확실히 결정되어 있지 않음.	1740390
3	n	0	弁当	べんとう	bento, Japanese box lunch	반당(1)	反黨	반역을 꾀하는 무리.	1513060
1	Y	3	庶民的	しょみんてき	popular, folksy, plebeian, ordinary	서민-적(0)	庶民的	서민과 같은 것.	1343580
1	Y	1	海上自衛隊	かいじょうじえいたい	Maritime Self Defense Forces (Defence)	해상^자위대(0)	海上自衛隊	일본 자위대의 하나. 방위청에 소속되어 해상 방위를 맡는 부대로, 방위청 장관이 통괄하며 최고 지휘는 내각의 총리가 한다. 1954년에 발족하였다.	1613890
1	Y	0	工場	こうじょう	factory, plant, mill, workshop	공장(2)	工場	원료나 재료를 가공하여 물건을 만들어 내는 설비를 갖춘 곳.	1578700
1	n	1	決別	けつべつ	separation, farewell, parting	결별(0)	訣別	기약 없는 이별을 함. 또는 그런 이별.	1254420
1	Y	0	警察庁	けいさつちょう	National Police Agency, NPA	경찰-청(0)	警察廳	중앙 행정 기관의 하나. 행정 안전부 장관 소속으로, 치안에 관한 사무를 맡아본다.	1252420
3	n	1	少々	しょうしょう	a little, a bit, a small amount, a few	소소(1)	小小	‘소소하다’의 어근.	1594930
1	Y	2	空砲	くうほう	empty gun, gun loaded with blanks, firing a blank	공포(6)	空砲	실탄을 넣지 않고 소리만 나게 하는 총질.	2582370
3	n	0	手前	てまえ	before oneself, in front of one, nearby, a bit before reaching (a location)	수전(1)	手顫	손이 떨리는 증상. 주로 알코올 의존자나 노인에게서 나타난다.	1328030
1	Y	3	万世	ばんせい	all ages, eternity	만세(2)	萬世	아주 오랜 세대.	1526190
1	Y	3	同量	どうりょう	same amount	동량(1)	同量	같은 분량.	1687800
3	n	0	仕方	しかた	way, method, means, resource	사방(1)	巳方	이십사방위의 하나. 정남(正南)에서 동으로 30도 방위를 중심으로 한 15도 각도 안의 방향이다.	1594110
3	n	2	御産	おさん	(giving) birth, childbirth, delivery	어산(0)	魚山	→ 범패.	1001960
1	n	2	無論	むろん	of course, certainly, naturally	무론(0)	無論/毋論	말할 것도 없음.	1531080
3	n	2	復刻	ふっこく	republication, reissue, reprinting, reproduction	복각(1)	伏角	지구 자기의 자력선의 방향이 수평면과 이루는 각. 곧, 지구상의 임의의 지점에 놓은 자침의 방향이 수평면과 이루는 각을 이른다. 자기 적도에서는 0도, 자기극에서는 90도이다.	1500790
3	n	3	切干	きりぼし	dried daikon strips	절-간(1)	절間	‘절’을 속되게 이르는 말.	1383960
3	Y	1	低調	ていちょう	inactive, slow, sluggish, slack	저조(2)	低調	가락이 낮음. 또는 그런 가락.	1434610
1	Y	2	即席	そくせき	impromptu, improvised, extempore, ad-lib	즉석(0)	卽席	어떤 일이 진행되는 바로 그 자리.	1404240
1	n	2	内幕	うちまく	lowdown, inside information, hidden circumstances, inside facts	내막(1)	內幕	겉으로 드러나지 아니한 일의 속 내용.	1582570
1	Y	0	堅調	けんちょう	firm (market), bullish, strong (sales, economy, etc.), steady	견조(0)	堅調	주가의 시세가 내리지 않고 높은 상태에 계속 머물러 있음.	1257180
1	Y	3	講話	こうわ	lecture, discourse	강화(7)	講話	강의하듯이 쉽게 풀어서 이야기함. 또는 그런 이야기.	1282380
2	n	2	英知	えいち	wisdom, intelligence, sagacity	영지(1)	令旨	왕비나 왕대비 또는 왕세자나 황태자의 명령서.	1588680
1	Y	0	閣議	かくぎ	cabinet meeting	각의(2)	閣議	‘내각 회의’를 줄여 이르는 말.	1206300
1	Y	0	高値	たかね	high price	고치(6)	高値	비싼 값.	1283760
1	Y	3	病弊	びょうへい	evil influence, ill effect	병폐(1)	病弊	병통과 폐단을 아울러 이르는 말.	1622320
1	n	3	甘酢	あまず	sweet vinegar	감-초(1)	감醋	감을 숙성시켜 만든 식초.	1213540
1	Y	0	攻守	こうしゅ	offense and defense, offence and defence, batting and fielding	공수(7)	攻守	공격과 수비를 아울러 이르는 말.	1279220
1	Y	1	政争	せいそう	political strife	정쟁(2)	政爭	정치에서의 싸움. 또는 정계의 투쟁.	1735380
1	Y	3	極刑	きょっけい	capital punishment, death penalty, maximum penalty, ultimate punishment	극형(2)	極刑	가장 무거운 형벌이라는 뜻으로, ‘사형’을 이르는 말.	1240290
1	Y	0	管理	かんり	control, management (e.g. of a business)	관리(4)	管理	어떤 일의 사무를 맡아 처리함.	1214200
1	n	1	交差点	こうさてん	crossing, intersection	교차-점(0)	交叉點	서로 엇갈리거나 마주친 곳.	1592970
3	n	1	加担	かたん	support, participation, assistance, complicity	가단(1)	家團	법률적으로 가족을 하나의 단체로서 이르는 말. 우리나라 민법에서는 인정하지 않는다.	1590450
1	Y	1	再会	さいかい	meeting again, reunion	재회(2)	再會	다시 만남. 또는 두 번째로 만남.	1292390
3	n	0	担任	たんにん	being in charge of (esp. a class or subject), taking charge of, class teacher, homeroom teacher	단임(0)	單任	원래 정해진 임기를 다 마친 뒤에 다시 그 직위에 임용하지 않음. 또는 그런 일.	1418200
3	n	3	身形	みなり	dress, attire, clothing, getup	신형(1)	神兄	대종교에서, 신도들이 대종사(大倧師)를 높여 부르는 말.	1365570
1	Y	1	積雪	せきせつ	fallen snow, snow cover	적설(2)	積雪	쌓여 있는 눈.	1383060
1	n	0	記念日	きねんび	memorial day, commemoration day, anniversary	기념-일(0)	紀念日	축하하거나 기릴 만한 일이 있을 때, 해마다 그 일이 있었던 날을 기억하는 날.	1223380
3	n	1	上越	じょうえつ	area on Japan Sea side of Japan, including Niigata	상월(1)	相月	음력 7월을 달리 이르는 말.	1352660
1	Y	2	足音	あしおと	(sound of) footsteps, sense or sign that something is approaching	족음(0)	足音	발을 옮겨 디딜 때 발이 바닥에 닿아 나는 소리.	1404770
1	Y	1	融合	ゆうごう	agglutination, adhesion, fusion, combination	융합(0)	融合	다른 종류의 것이 녹아서 서로 구별이 없게 하나로 합하여지거나 그렇게 만듦. 또는 그런 일.	1542590
3	n	2	北口	きたぐち	north entrance, north exit	북구(0)	北歐	‘북유럽’의 음역어.	1520970
3	n	1	四本	よんほん	four (long cylindrical things)	사본(1)	私本	개인이 소유한 책.	2005490
1	n	0	法廷	ほうてい	court (of law), courtroom	법정(1)	法廷/法庭	법원이 소송 절차에 따라 송사를 심리하고 판결하는 곳.	1517400
3	n	2	師走	しわす	twelfth month (esp. of the lunar calendar), December	사주(1)	司舟	신라 때, 선부(船府)에 속한 벼슬. 경덕왕 때 사지(舍知)를 고친 것으로, 혜공왕 때 다시 사지로 고쳤다.	1579500
1	Y	2	注入	ちゅうにゅう	pouring, injection	주입(1)	注入	흘러 들어가도록 부어 넣음.	1426640
1	Y	3	査問	さもん	inquiry, enquiry, hearing	사문(8)	査問	조사하여 캐물음.	1291470
1	Y	1	密着	みっちゃく	close adhesion, sticking firmly (to), being glued (to), relating closely (to)	밀착(0)	密着	빈틈없이 단단히 붙음.	1528300
1	Y	1	抵触	ていしょく	infringement (of a law, treaty, etc.), contravention, running afoul, conflict (with a theory, claim, etc.)	저촉(0)	抵觸	서로 부딪치거나 모순됨.	1436280
2	n	2	島内	とうない	on an island, on-island	도내(0)	道內	어떤 도(道)의 구역 안.	1446920
3	n	3	切貼	きりばり	patching (up), cutting a part and pasting a new one (e.g. a shoji door), cut and paste	체첩(1)	體帖	글씨를 쓸 때 본보기로 삼을 만한 잘 쓴 글씨를 모아 엮은 장첩.	1384500
1	Y	2	主犯	しゅはん	principal offence, principal offense, principal offender	주범(1)	主犯	형법에서, 자기의 의사에 따라 범죄를 실제로 저지른 사람. 단독 정범과 공동 정범으로 크게 나뉜다.	1326110
3	n	0	飢餓	きが	starvation, famine, hunger	기아(1)	棄兒	길러야 할 의무가 있는 사람이 남몰래 아이를 내다 버림. 또는 그렇게 버린 아이.	1224090
1	Y	2	全量	ぜんりょう	the whole amount, entire amount, total amount, total quantity	전량(3)	全量	전체의 분량이나 수량.	1396380
3	n	0	商売	しょうばい	trade, business, commerce, occupation	상매(0)	霜梅	익어서 떨어질 무렵의 매실나무 열매를 소금에 절인 것. 설사, 곽란, 중풍, 경간(驚癇), 유종(乳腫) 따위에 쓴다.	1347200
1	Y	2	集散	しゅうさん	collection (gathering) and distribution	집산(0)	集散	모여들었다 흩어졌다 함.	1659250
2	Y	2	酒場	さかば	bar, pub, tavern	주장(13)	酒場	술을 만들어 도매하는 집.	1329110
3	n	3	日干	ひぼし	sun-dried	일-간(1)	일間	공사장 따위에서, 작업장으로 마련한 임시 건물. 비, 이슬, 뙤약볕 따위를 피하기 위하여 지붕만 설치하여 쓴다.	1620550
3	n	0	苦手	にがて	poor (at), weak (in), not very good (at), not one's cup of tea	고수(1)		산형과의 한해살이풀. 높이는 30~60cm이며, 잎은 어긋나고 잘게 갈라진 우상 복엽이다. 6~7월에 작고 흰 꽃이 복산형 화서로 가지 끝에 피고 열매는 둥글다. 잎과 줄기는 동부 유럽이 원산지로 절에서 많이 재배한다.	1244470
1	Y	0	激戦	げきせん	fierce battle, hard-fought battle, hot contest, severe fight	격전(0)	激戰	세차게 싸움. 또는 세찬 싸움.	1253680
1	Y	3	複眼	ふくがん	compound eye	복안(3)	複眼	홑눈이 벌집 모양으로 여러 개 모여 된 눈. 절지동물이나 다모강 따위에서 볼 수 있다. 여러 방향에 있는 물체의 형태를 동시에 식별할 수 있으며 곤충은 색채를 판별할 수 있다.	1501310
1	Y	1	原産	げんさん	place of origin, habitat	원산(2)	原産	어떤 고장에서 처음으로 생산되거나 자라남. 또는 그런 물건.	1261470
3	n	0	楽観	らっかん	optimism, taking an optimistic view	악관(1)	握管	서예에서, 붓을 네 손가락으로 쥐고 엄지손가락으로 붓의 위쪽을 누르면서 글씨를 쓰는 방법.	1207310
1	Y	0	高官	こうかん	high official	고관(4)	高官	지위가 높은 벼슬이나 관리.	1283330
1	Y	1	自作	じさく	one's own work, making by oneself, farming on one's own land, independent farmer	자작(5)	自作	자기 스스로 만들거나 지음. 또는 그렇게 만든 것.	1317760
1	Y	0	管理職	かんりしょく	management, managerial position, administrative post, person in a managerial position	관리-직(0)	管理職	기업, 관공서 따위에서 관리 또는 감독의 직무를 맡아보는 직위.	1214250
3	n	3	見返	みかえし	endpaper (of a book), end-paper, facing (material sewn on the inside edge of a garment), looking back	견반(1)	見盤	예전에, 갱(坑) 속에서 사용하던 나침반.	1604410
1	Y	3	道化	どうけ	antics, buffoonery, clowning, clown	도화(8)	道化	도(道)로써 바른길로 이끎.	1454120
3	n	1	万里	ばんり	thousands of miles	만리(0)	鰻鱺	뱀장어과의 민물고기. 몸의 길이는 60cm 정도이고 가늘며, 누런색 또는 검은색이고 배는 은백색이다. 배지느러미가 없고 잔비늘이 피부에 묻혀 있어 보이지 않는다. 민물에서 살다가 바다에서 산란한다. 한국, 일본, 중국 등지에 분포한다.	1526580
3	n	3	九分	くぶ	nine parts, ninety percent, mostly, nine percent	구분(1)	口分	사람마다 똑같이 나누어 줌.	1243870
3	n	3	小鉢	こばち	small bowl	소-발(1)		소의 발.	1348660
3	n	2	白羽	しらは	white feather	백우(1)	白雨	큰 물방울들이 공중에서 갑자기 찬 기운을 만나 얼어 떨어지는 얼음덩어리. 크기는 지름 5mm쯤 되며, 주로 적란운에서 내린다.	1475010
3	n	3	誤射	ごしゃ	accidental shooting	오사(1)	五司	조선 문종 원년(1451)에 종래의 십이사를 개편한 군제(軍制). 중군(中軍)을 의흥사(義興司)·충좌사(忠佐司)·충무사(忠武司), 좌군(左軍)을 용양사, 우군(右軍)을 호분사로 하였는데, 세조 3년(1457)에 오위(五衛)로 고쳤다.	1693280
3	n	2	鳴門	なると	strait with a roaring tidal ebb and flow, whirlpool, maelstrom, kamaboko with a spiral whirlpool-like pattern	명문(1)	名文	뛰어나게 잘 지은 글.	1753350
1	Y	0	決断	けつだん	decision, determination	결단(1)	決斷	결정적인 판단을 하거나 단정을 내림. 또는 그런 판단이나 단정.	1254370
3	n	2	憤慨	ふんがい	indignation, resentment	분개(1)	分介	부기(簿記)에서, 거래 내용을 차변(借邊)과 대변(貸邊)으로 나누어 적는 일.	1504650
1	Y	2	余命	よめい	remainder of one's life, one's remaining days, time left (to live)	여명(2)	餘命	얼마 남지 아니한 쇠잔한 목숨.	1544570
2	n	1	家族計画	かぞくけいかく	family planning	가족-계획(0)	家族計劃	행복한 가정생활을 위해 부부의 생활 능력에 따라 자녀의 수나 출산의 간격을 계획적으로 조절하는 일.	1192160
3	n	3	辛抱	しんぼう	patience, endurance, perseverance	신포(1)	身布	조선 시대에, 양인(良人)이 신역(身役) 대신에 바치던 무명이나 베.	1365930
3	n	3	古豪	こごう	veteran, old-timer, experienced person	고호(1)	古號	사람이나 나라 또는 땅 따위의 옛 이름.	1265370
1	Y	0	簡易	かんい	simple, simplified, easy, plain	간이(3)	簡易	간단하고 편리함. 물건의 내용, 형식이나 시설 따위를 줄이거나 간편하게 하여 이용하기 쉽게 한 상태를 이른다.	1214270
3	n	1	卸売	おろしうり	wholesale, wholesaling	사-매(1)	私매	권력이 있는 자가 사사로이 사람을 때리는 매.	1589540
2	Y	0	歌人	かじん	poet (of tanka poems)	가인(5)	歌人	노래를 잘 부르거나 잘 짓는 사람.	1193340
1	Y	3	不毛	ふもう	barren, sterile, infertile, unproductive (e.g. discussion)	불모(1)	不毛	땅이 거칠고 메말라 식물이 나거나 자라지 아니함.	1495110
1	Y	3	短文	たんぶん	short sentence, short piece of writing (e.g. passage, article, composition)	단문(3)	短文	짧은 글.	1843470
2	Y	3	上品	じょうひん	elegant, refined, polished, stylish	상품(1)	上品	상등의 품위(品位).	1354230
2	Y	0	角度	かくど	angle	각도(1)	角度	생각의 방향이나 관점.	1206190
1	Y	2	同病	どうびょう	the same sickness	동병(1)	同病	같은 병.	1453310
1	Y	2	洋食	ようしょく	Western food, Western dish, Western cooking, Japanized Western cuisine	양식(3)	洋食	서양식 음식이나 식사.	1546000
3	n	0	期待	きたい	expectation, anticipation, hope, promising	기대(1)		무동(舞童)을 따라다니는 여자.	1220570
1	n	1	教習	きょうしゅう	training, instruction	교습(0)	敎習	학문이나 기예 따위를 가르쳐 익히게 함.	1237170
3	n	2	儒教	じゅきょう	Confucianism	유교(1)	有敎	삼시교(三時敎)의 하나. 대승의 법상종, 소승의 구사종의 교의를 이른다. 법상종에서는 모든 존재는 인연에 의하여 성립되므로 실체는 없지만 그것을 구성하는 요소인 법(法)은 있다고 하며, 구사종에서는 물심 현상의 본체가 삼세(三世)를 통하여 실제로 존재한다고 한다.	1329510
1	Y	0	公害	こうがい	pollution, public nuisance, contamination	공해(1)	公害	산업이나 교통의 발달에 따라 사람이나 생물이 입게 되는 여러 가지 피해. 자동차의 매연, 공장의 폐수, 여러 종류의 쓰레기 따위로 인하여 공기와 물이 더럽혀지고 자연환경이 파괴되는 문제 따위를 이른다.	1273420
1	Y	2	共鳴	きょうめい	resonance, sympathy (with a view, idea, etc.)	공명(4)	共鳴	남의 사상이나 감정, 행동 따위에 공감하여 자기도 그와 같이 따르려 함.	1235190
1	Y	3	相思	そうし	mutual affection, mutual love	상사(15)	相思	서로 생각하고 그리워함.	1660790
1	Y	0	格差	かくさ	qualitative difference, disparity, gap	격차(1)	格差	가격이나 자격, 품등 따위의 서로 다른 정도.	1205340
3	n	0	同町	どうちょう	the same town, that town	동정(1)		한복의 저고리 깃 위에 조붓하게 덧대어 꾸미는 하얀 헝겊 오리.	1453110
3	n	1	島々	しまじま	islands	도도(1)		‘도도하다’의 어근.	1594540
3	n	0	書簡	しょかん	letter, note, epistle, correspondence	서간(1)	西間	조선 시대에, 의금부 안의 서쪽에 있던 옥사(獄舍). 주로 가벼운 죄를 지은 관리들을 가두었으며 영조 때에는 미결수를 가두었다.	1343980
3	n	2	手薄	てうす	shorthanded, short of hands, undermanned, insufficient (stock, money, etc.)	수박(1)		박과의 한해살이 덩굴풀. 줄기의 길이는 4~6미터이고 땅 위를 기며, 잎은 어긋나고 3~4개로 깊게 갈라진다. 여름에 연한 누런색 꽃이 핀다. 열매는 크고 둥글며 무게는 5~6kg까지 나가는 것이 보통이다. 열매의 속살은 붉고 달아 식용하고, 씨는 검거나 누런데 차의 재료로도 쓴다. 아프리카가 원산지로 세계 각지에서 재배한다.	1616340
3	n	3	競作	きょうさく	competing (with each other) in creating (composing, drawing, writing, etc.), competition to produce an (artistic, literary, etc.) work	경작(0)	耕作	땅을 갈아서 농사를 지음.	1234120
1	Y	0	肝炎	かんえん	hepatitis	간염(0)	肝炎	간에 생기는 염증을 통틀어 이르는 말. 발열·황달·전신 권태·소화 장애의 증상을 보이는데, 주된 원인은 음식물과 혈액을 통한 바이러스의 감염이며 그 밖에 약물, 알코올, 알레르기 따위가 원인인 것도 있다.	1214640
3	n	3	床上	ゆかうえ	on a floor, above floor level	상상(1)	上上	가장 높은 정도나 등급.	1799250
1	Y	2	左記	さき	undermentioned (statement), the following, at left	좌기(1)	左記	세로쓰기를 한 글에서, 본문의 왼쪽에 기록된 것.	1290860
1	n	1	短編	たんぺん	short story, short film, short poem	단편(1)	短篇	짤막하게 지은 글.	1597300
3	n	3	上値	うわね	higher price, price rise	상치(1)		→ 상추.	1353880
3	n	1	山々	やまやま	(many) mountains, very much (wanting to do something one cannot), greatly, really	산산(0)		‘산산하다’의 어근.	1605580
3	n	2	岸辺	きしべ	shore, bank (of a body of water)	안변(1)	安邊	변방(邊方)을 편안하게 함.	1217060
3	n	1	桑原	くわばら	mulberry field	상원(1)	上元	음양설에서, 시대 변화의 큰 단위로 잡는 세 묶음의 육십갑자 가운데 첫째 육십갑자의 60년. 한 시대가 시작하는 단계로 본다.	1762710
1	Y	2	刻々	こっこく	moment by moment, hour by hour	각각(2)	刻刻	매 시각. 또는 낱낱의 시각.	1285830
1	Y	1	再検討	さいけんとう	re-examination, review, reconsideration, reappraisal	재-검토(0)	再檢討	한 번 검토한 것을 다시 검토함.	1292630
1	Y	1	組立	くみたて	construction, framework, erection, assembly	조립(2)	組立	여러 부품을 하나의 구조물로 짜 맞춤. 또는 그런 것.	1592310
3	n	0	三百	さんびゃく	300, three hundred, 300 mon, trifling amount	삼백(0)	三白	음력 정월에 사흘 동안 내린 눈을 이르는 말.	1301490
1	Y	0	競馬	けいば	horse racing	경마(6)	競馬	일정한 거리를 말을 타고 달려 빠르기를 겨루는 경기.	1234210
3	n	2	岩石	がんせき	rock	암석(1)	暗惜	남몰래 애석해함.	1217360
1	Y	1	祝賀	しゅくが	celebration, congratulations	축하(0)	祝賀	남의 좋은 일을 기뻐하고 즐거워한다는 뜻으로 인사함. 또는 그런 인사.	1337410
3	n	0	世界一	せかいいち	best in the world	세계-일(0)	世界日	전 세계적으로 태양과 지구 활동의 관측을 특히 강화하기로 한 날. 유성(流星)이 많이 나타나거나, 음력 상순처럼 특별히 태양이나 지구의 활동이 활발하여지는 날을 주로 택한다.	1373880
3	n	3	理非	りひ	right and wrong	리비(0)	Libby, Willard Frank	미국의 화학자(1908~1980). 방사성 탄소 <sup style='font-size:11px;'>14</sup>C를 이용한 연대 측정법을 발견하여 1960년에 노벨 화학상을 받았다.	1550100
1	Y	0	慣行	かんこう	customary practice, habit, traditional event	관행(2)	慣行	오래전부터 해 오는 대로 함. 또는 관례에 따라서 함.	1212680
3	n	2	里親	さとおや	foster parent, foster parents, (pet) caretaker	리친(0)	Ricin	피마자에 들어 있는 독성이 있는 단백질. 세포의 리보솜과 결합하여 단백질 합성을 저해하여 세포를 죽인다.	1795720
1	Y	1	趣向	しゅこう	plan, idea, design, plot	취향(1)	趣向	하고 싶은 마음이 생기는 방향. 또는 그런 경향.	1328970
1	Y	1	園長	えんちょう	head of a garden, kindergarten principal, nursery school principal, park director	원장(8)	園長	‘원(園)’ 자가 붙은 시설이나 기관의 우두머리.	1176280
1	Y	1	自己資本	じこしほん	net worth, owned capital	자기^자본(0)	自己資本	기업의 소유자가 출자한 자본과 기업 내부에 축적된 적립금, 준비금 따위의 유보 자본을 합한 자본.	1658550
1	Y	1	主戦	しゅせん	advocacy of war	주전(4)	主戰	전쟁하기를 주장함.	1325790
3	n	0	傷者	しょうしゃ	wounded person, casualty, injured person	상자(1)	上자	→ 상좌.	1345870
3	n	1	疎開	そかい	evacuation (to the country), spreading out (troops), deployment, dispersal	소개(1)	紹介	둘 사이에서 양편의 일이 진행되게 주선함.	1396690
3	n	0	大野	おおの	large field	대야(1)		물을 담아서 무엇을 씻을 때 쓰는 둥글넓적한 그릇.	1786530
3	n	1	家元	いえもと	head of a school (of music, dance), head family of a school	가원(0)	街園	길가에 만들어 놓은 작은 공원이나 꽃밭 또는 잔디밭 따위를 통틀어 이르는 말.	1191940
3	n	3	西遊	せいゆう	westward trip, trip to the West	서유(1)	書帷	서재에 친 휘장이라는 뜻으로, ‘서재’를 달리 이르는 말.	1663580
3	n	2	一校	いっこう	one school, the whole school, one proofreading, first proof	일교(0)	日僑	외국에서 사는 일본 사람. 특히 외국에서 상업 활동에 종사하는 일본 사람을 이른다.	1613310
3	n	1	本省	ほんしょう	ministry proper, home office, head office, this ministry	본성(1)	本姓	성(姓)을 고치기 이전에 본디 가졌던 성.	1522670
3	n	0	構内	こうない	premises, grounds, campus, compound	구내(1)	久耐	오래 견딤.	1279820
3	n	3	一昨	いっさく	one previous	일작(1)	一作	제일 잘 만듦. 또는 그런 성과물.	1162640
3	n	1	小遣	こづかい	pocket money, spending money, pin money, allowance	소견(1)	小犬	오리온자리와 쌍둥이자리 사이에 있는 별자리. 3월 초순에 자오선을 통과한다. 알파성(α星)인 프로키온은 밝기가 1등급인 실시 쌍성이다.	1348030
1	Y	3	不平	ふへい	discontent, dissatisfaction, complaint, grievance	불평(1)	不平	마음에 들지 아니하여 못마땅하게 여김. 또는 못마땅한 것을 말이나 행동으로 드러냄.	1494790
