id	headword	verdict	fix
1159040	遺影	o	
1185560	下世話	o	
1227720	休憩	o	
1230080	窮屈	o	
1591510	凶悪	o	
1235840	協和	o	
1262070	原則	o	
1262560	厳戒	o	
1274510	公判	o	
1836530	腰縄	x	포승줄
2134380	最後尾	o	
1304540	残虐	o	
1307740	姿勢	o	
1317320	耳目	o	
1327900	手錠	o	
1339770	出廷	o	
1346460	召喚	o	
1351660	証人	o	
1660350	職責	o	
1374580	凄惨	o	
1381910	静寂	o	
1410080	対照	o	
1410730	怠惰	o	
1426530	注意	o	
1426670	注目	o	
1436740	諦観	o	
1450870	頭上	o	
1457570	曇天	o	
1472730	背後	o	
1474170	陪席	o	
1477680	発達	o	
1485450	飛行	o	
2000540	粉飾決算	o	
1514580	補充	o	
1584510	万全	o	
2863328	無下	o	
1562880	腕章	o	
