char	now	old	corpusFreq	stdict_attested	samples
大	대	다·태	235	대:483	偉大 いだい / 医大 いだい / 一大 いちだい / 一大事 いちだいじ
会	회	괴·괄	160	회:167	委員会 いいんかい / 医師会 いしかい / 井戸端会議 いどばたかいぎ / 運動会 うんどうかい
出	출	추	147	출:195	演出 えんしゅつ / 遠出 とおで / 家出 いえで / 外出 がいしゅつ
内	내	납	128	내:217	案内 あんない / 案内書 あんないしょ / 以内 いない / 域内 いきない
作	작	자·주	85	작:116	遺作 いさく / 稲作 いなさく / 佳作 かさく / 寡作 かさく
数	수	촉	85	수:212	員数 いんずう / 過半数 かはんすう / 画数 かくすう / 回数 かいすう
白	백	배	65	백:122	明白 めいはく / 関白 かんぱく / 空白 くうはく / 潔白 けっぱく
論	론	윤	64	론:54	異論 いろん / 概論 がいろん / 議論 ぎろん / 極論 きょくろん
木	목	모	62	목:141	一木 いちぼく / 丸木 まるき / 原木 げんぼく / 古木 こぼく
土	토	두	58	토:91	黄土 おうど / 郷土 きょうど / 国土 こくど / 黒土 こくど
平	평	편	58	평:80	金平 きんぴら / 公平 こうへい / 水平 すいへい / 水平線 すいへいせん
校	교	효	49	교:82	下校 げこう / 開校 かいこう / 学校 がっこう / 休校 きゅうこう
解	해	개	48	해:84	解禁 かいきん / 解決 かいけつ / 解雇 かいこ / 解散 かいさん
報	보	부	44	보:80	一報 いっぽう / 会報 かいほう / 確報 かくほう / 官報 かんぽう
関	관	완	44	관:73	関係 かんけい / 関係者 かんけいしゃ / 関心 かんしん / 関心事 かんしんじ
税	세	탈	43	세:87	印税 いんぜい / 課税 かぜい / 間接税 かんせつぜい / 関税 かんぜい
格	격	낙	43	격:58	価格 かかく / 格安 かくやす / 格言 かくげん / 格差 かくさ
打	타	정	41	타:42	安打 あんだ / 一打 いちだ / 殴打 おうだ / 犠打 ぎだ
難	난	나	40	난:47	海難 かいなん / 救難 きゅうなん / 苦難 くなん / 困難 こんなん
害	해	할	39	해:54	加害者 かがいしゃ / 害悪 がいあく / 害虫 がいちゅう / 危害 きがい
台	대·태	이	38	대:77 태:14	縁台 えんだい / 屋台 やたい / 荷台 にだい / 気象台 きしょうだい
医	의	예	37	의:60	医院 いいん / 医科 いか / 医学 いがく / 医官 いかん
足	족	주	35	족:41	一挙手一投足 いっきょしゅいっとうそく / 一足 いっそく / 遠足 えんそく / 過不足 かふそく
殺	살	쇠	34	살:35	圧殺 あっさつ / 暗殺 あんさつ / 虐殺 ぎゃくさつ / 絞殺 こうさつ
約	약	요	33	약:53	違約 いやく / 解約 かいやく / 確約 かくやく / 規約 きやく
説	설·세	열	32	설:70 세:3	異説 いせつ / 一説 いっせつ / 演説 えんぜつ / 解説 かいせつ
肉	육	유	32	육:45	果肉 かにく / 牛肉 ぎゅうにく / 魚肉 ぎょにく / 筋肉 きんにく
告	고	곡	32	고:61	戒告 かいこく / 勧告 かんこく / 警告 けいこく / 原告 げんこく
番	번	반	31	번:22	暗証番号 あんしょうばんごう / 一番 いちばん / 一番手 いちばんて / 局番 きょくばん
居	거	기	31	거:49	隠居 いんきょ / 居間 いま / 居候 いそうろう / 居酒屋 いざかや
能	능	내	31	능:29	可能 かのう / 可能性 かのうせい / 堪能 たんのう / 官能 かんのう
弁	변	반	29	변:41 판:4	駅弁 えきべん / 活弁 かつべん / 勘弁 かんべん / 強弁 きょうべん
活	활	괄	29	활:36	快活 かいかつ / 活火山 かっかざん / 活気 かっき / 活況 かっきょう
芸	예	운	27	예:29	一芸 いちげい / 園芸 えんげい / 演芸 えんげい / 学芸 がくげい
適	적	척	27	적:41	快適 かいてき / 最適 さいてき / 適応 てきおう / 適格 てきかく
射	사	석	27	사:93 역:1	高射特科 こうしゃとっか / 高射砲 こうしゃほう / 射撃 しゃげき / 射殺 しゃさつ
追	추	퇴	26	추:53	訴追 そつい / 追越 おいこし / 追憶 ついおく / 追加 ついか
示	시	기	24	시:41	暗示 あんじ / 意思表示 いしひょうじ / 開示 かいじ / 教示 きょうじ
葉	엽	섭	24	엽:16	一葉 いちよう / 言葉 ことば / 若葉 わかば / 中葉 ちゅうよう
可	가	극	24	가:36	可逆 かぎゃく / 可及的 かきゅうてき / 可決 かけつ / 可視 かし
積	적	자	24	적:90	集積 しゅうせき / 積立 つみたて / 積極 せっきょく / 積極的 せっきょくてき
御	어	아	23	어:41	御金 おかね / 御辞儀 おじぎ / 御守 おまもり / 御前 おまえ
族	족	주	23	족:44	遺族 いぞく / 一族 いちぞく / 王族 おうぞく / 家族 かぞく
脱	탈	태	23	탈:30	逸脱 いつだつ / 解脱 げだつ / 虚脱 きょだつ / 脱却 だっきゃく
爆	폭	박	23	폭:25	核爆発 かくばくはつ / 起爆 きばく / 原子爆弾 げんしばくだん / 原水爆 げんすいばく
万	만	묵	23	만:50	十万 じゅうまん / 千差万別 せんさばんべつ / 千万 せんばん / 百万 ひゃくまん
百	백	맥	22	백:38	何百 なんびゃく / 三百 さんびゃく / 数百 すうひゃく / 二百十日 にひゃくとおか
録	록	예	22	록:30	回顧録 かいころく / 記録 きろく / 議事録 ぎじろく / 語録 ごろく
区	구	우	22	구:35	街区 がいく / 学区 がっく / 管区 かんく / 教区 きょうく
単	단	선	22	단:78	簡単 かんたん / 単位 たんい / 単一 たんいつ / 単価 たんか
帰	귀	궤	21	귀:41	回帰 かいき / 回帰線 かいきせん / 帰依 きえ / 帰化 きか
覚	각	교	21	각:43	覚悟 かくご / 感覚 かんかく / 幻覚 げんかく / 才覚 さいかく
純	순	준	21	순:23	純愛 じゅんあい / 純益 じゅんえき / 純化 じゅんか / 純金 じゅんきん
植	식	치	20	식:36	移植 いしょく / 誤植 ごしょく / 写植 しゃしょく / 植樹 しょくじゅ
縁	연	단	20	연:38	因縁 いんねん / 縁起 えんぎ / 縁故 えんこ / 縁者 えんじゃ
底	저	지	20	저:24	海底 かいてい / 基底 きてい / 根底 こんてい / 心底 しんそこ
茶	다	차	20	다:53	喫茶 きっさ / 喫茶店 きっさてん / 紅茶 こうちゃ / 煎茶 せんちゃ
祭	제	채	19	제:73	慰霊祭 いれいさい / 冠婚葬祭 かんこんそうさい / 祭神 さいじん / 祭壇 さいだん
剤	제	자	19	제:44	育毛剤 いくもうざい / 解熱剤 げねつざい / 殺虫剤 さっちゅうざい / 酸化防止剤 さんかぼうしざい
健	건	견	19	건:20	穏健 おんけん / 健脚 けんきゃく / 健康 けんこう / 健康保険 けんこうほけん
則	칙	즉·측	18	칙:22	会則 かいそく / 学則 がくそく / 規則 きそく / 規則的 きそくてき
皇	황	왕	18	황:27	皇位 こうい / 皇居 こうきょ / 皇后 こうごう / 皇子 おうじ
塁	루	뢰	17	루:18	一塁 いちるい / 一塁手 いちるいしゅ / 三塁 さんるい / 三塁手 さんるいしゅ
責	책	채	17	책:19	引責 いんせき / 自責 じせき / 自賠責保険 じばいせきほけん / 重責 じゅうせき
景	경	영	17	경:38	遠景 えんけい / 景観 けいかん / 景気 けいき / 景況 けいきょう
準	준	절	17	준:17	下準備 したじゅんび / 高水準 こうすいじゅん / 準拠 じゅんきょ / 準決勝 じゅんけっしょう
編	편	변	17	편:22	改編 かいへん / 後編 こうへん / 再編 さいへん / 全編 ぜんぺん
虫	충	훼	17	충:23	害虫 がいちゅう / 寄生虫 きせいちゅう / 玉虫色 たまむしいろ / 昆虫 こんちゅう
著	저	착	17	저:20	共著 きょうちょ / 顕著 けんちょ / 原著 げんちょ / 前著 ぜんちょ
洗	세	선	17	세:40	手洗 てあらい / 水洗 すいせん / 洗顔 せんがん / 洗剤 せんざい
折	절	제	16	절:27	右折 うせつ / 曲折 きょくせつ / 屈折 くっせつ / 骨折 こっせつ
疑	의	웅	16	의:36	懐疑 かいぎ / 疑義 ぎぎ / 疑獄 ぎごく / 疑心 ぎしん
属	속	촉	16	속:35	帰属 きぞく / 貴金属 ききんぞく / 金属 きんぞく / 軍属 ぐんぞく
借	차	적	16	차:29	借換 かりかえ / 借手 かりて / 借入 かりいれ / 借款 しゃっかん
仮	가	반	15	가:63	仮差押 かりさしおさえ / 仮死 かし / 仮処分 かりしょぶん / 仮称 かしょう
提	제	시	15	제:29	手提 てさげ / 前提 ぜんてい / 提案 ていあん / 提起 ていき
貸	대	특	15	대:35	貸付 かしつけ / 貸家 かしや / 貸借 たいしゃく / 貸倒 かしだおれ
副	부	복	15	부:55	副業 ふくぎょう / 副作用 ふくさよう / 副産物 ふくさんぶつ / 副次的 ふくじてき
越	월	활	14	월:20	越境 えっきょう / 越権 えっけん / 越冬 えっとう / 越年 えつねん
港	항	강	14	항:38	海港 かいこう / 開港 かいこう / 寄港 きこう / 漁港 ぎょこう
欠	흠·결	감	14	결:22 흠:5	欠員 けついん / 欠陥 けっかん / 欠勤 けっきん / 欠航 けっこう
混	혼	곤	14	혼:13	混血 こんけつ / 混合 こんごう / 混在 こんざい / 混雑 こんざつ
推	추	퇴	14	추:38	推移 すいい / 推挙 すいきょ / 推計 すいけい / 推察 すいさつ
煙	연	인	13	연:43	愛煙家 あいえんか / 煙突 えんとつ / 煙幕 えんまく / 喫煙 きつえん
革	혁	극	13	혁:10	沿革 えんかく / 改革 かいかく / 革靴 かわぐつ / 革新 かくしん
背	배	패	13	배:41	上背 うわぜい / 二律背反 にりつはいはん / 背景 はいけい / 背後 はいご
夕	석	사	12	석:21	一朝一夕 いっちょういっせき / 朝夕 あさゆう / 夕刊 ゆうかん / 夕刻 ゆうこく
干	간	강	12	간:19	干潟 ひがた / 干渉 かんしょう / 干拓 かんたく / 干満 かんまん
祝	축	주	12	축:22	慶祝 けいしゅく / 祝宴 しゅくえん / 祝賀 しゅくが / 祝儀 しゅうぎ
複	복	부	12	복:23	単複 たんぷく / 複眼 ふくがん / 複合 ふくごう / 複雑 ふくざつ
還	환	선	11	환:28	往還 おうかん / 還元 かんげん / 還流 かんりゅう / 還暦 かんれき
幅	폭	복	11	폭:16	横幅 よこはば / 肩幅 かたはば / 振幅 しんぷく / 全幅 ぜんぷく
紅	홍	공	11	홍:14	口紅 くちべに / 紅花 べにばな / 紅海 こうかい / 紅茶 こうちゃ
施	시	이	11	시:40	施策 しさく / 施錠 せじょう / 施政 しせい / 施設 しせつ
奥	오	욱	10	오:8	奥義 おうぎ / 奥行 おくゆき / 奥山 おくやま / 奥歯 おくば
九	구	규	10	구:75	九九 くく / 九月 くがつ / 九州 きゅうしゅう / 九重 ここのえ
献	헌	사	10	헌:11	献金 けんきん / 献血 けんけつ / 献上 けんじょう / 献身 けんしん
縦	종	총	10	종:25	縦横無尽 じゅうおうむじん / 縦貫 じゅうかん / 縦書 たてがき / 縦断 じゅうだん
躍	약	적	9	약:10	暗躍 あんやく / 一躍 いちやく / 活躍 かつやく / 跳躍 ちょうやく
抜	발	패	9	발:17	海抜 かいばつ / 奇抜 きばつ / 選抜 せんばつ / 卓抜 たくばつ
許	허	호	9	허:15	許可 きょか / 許諾 きょだく / 許容 きょよう / 特許 とっきょ
糖	당	탕	9	당:16	血糖 けっとう / 黒砂糖 くろざとう / 砂糖 さとう / 製糖 せいとう
鋭	예	태	8	예:16	鋭意 えいい / 鋭角 えいかく / 鋭敏 えいびん / 鋭利 えいり
押	압	갑	8	압:10	押問答 おしもんどう / 押印 おういん / 押収 おうしゅう / 押切 おしきり
暖	난	훤	8	난:3	温暖 おんだん / 暖冬 だんとう / 暖房 だんぼう / 暖流 だんりゅう
簿	부	박	8	부:22	家計簿 かけいぼ / 原簿 げんぼ / 出納簿 すいとうぼ / 帳簿 ちょうぼ
膜	막	모	8	막:15	角膜 かくまく / 鼓膜 こまく / 粘膜 ねんまく / 薄膜 うすまく
滑	활	골	8	활:13	滑空 かっくう / 滑稽 こっけい / 滑降 かっこう / 滑車 かっしゃ
湯	탕	상	8	탕:7	給湯 きゅうとう / 銭湯 せんとう / 湯気 ゆげ / 湯治 とうじ
氏	씨	지	8	씨:3	氏子 うじこ / 氏神 うじがみ / 氏名 しめい / 同氏 どうし
尊	존	준	8	존:13	自尊 じそん / 尊敬 そんけい / 尊厳 そんげん / 尊重 そんちょう
拡	확	광	7	확:6	拡散 かくさん / 拡充 かくじゅう / 拡大 かくだい / 拡張 かくちょう
惨	참	침	7	참:13	惨禍 さんか / 惨劇 さんげき / 惨殺 ざんさつ / 惨事 さんじ
抵	저	지	7	저:6	大抵 たいてい / 抵抗 ていこう / 抵触 ていしょく / 抵当 ていとう
陶	도	요	7	도:23	陶器 とうき / 陶芸 とうげい / 陶工 とうこう / 陶磁 とうじ
倍	배	패	6	배:12	一倍 いちばい / 人一倍 ひといちばい / 倍加 ばいか / 倍額 ばいがく
慶	경	강	6	경:29	慶事 けいじ / 慶祝 けいしゅく / 慶弔 けいちょう / 国慶節 こっけいせつ
棚	붕	팽	6	붕:1	戸棚 とだな / 書棚 しょだな / 神棚 かみだな / 大陸棚 たいりくだな
沢	택	석	6	택:6	光沢 こうたく / 沼沢 しょうたく / 沢山 たくさん / 潤沢 じゅんたく
批	비	별	6	비:13	批准 ひじゅん / 批判 ひはん / 批判的 ひはんてき / 批評 ひひょう
昔	석	착	5	석:5	一昔 ひとむかし / 昔風 むかしふう / 昔話 むかしばなし / 大昔 おおむかし
雇	고	호	5	고:16	解雇 かいこ / 雇用 こよう / 雇主 やといぬし / 日雇 ひやとい
池	지	타	5	지:47	乾電池 かんでんち / 蓄電池 ちくでんち / 貯水池 ちょすいち / 電池 でんち
裸	라	야	5	라:1	丸裸 まるはだか / 全裸 ぜんら / 裸眼 らがん / 裸体 らたい
拒	거	구	5	거:14	拒食症 きょしょくしょう / 拒絶 きょぜつ / 拒絶反応 きょぜつはんのう / 拒否 きょひ
谷	곡	욕	5	곡:13	峡谷 きょうこく / 渓谷 けいこく / 谷間 たにま / 谷川 たにがわ
逐	축	적	5	축:14	駆逐 くちく / 駆逐艦 くちくかん / 逐一 ちくいち / 逐次 ちくじ
恒	항	긍	5	항:15	恒久 こうきゅう / 恒常 こうじょう / 恒星 こうせい / 恒例 こうれい
穀	곡	구	5	곡:30	穀倉 こくそう / 穀物 こくもつ / 穀類 こくるい / 米穀 べいこく
掘	굴	궐	5	굴:6	採掘 さいくつ / 試掘 しくつ / 発掘 はっくつ / 掘削 くっさく
邪	사	야	5	사:71	邪悪 じゃあく / 邪険 じゃけん / 邪道 じゃどう / 邪魔 じゃま
覇	패	백	5	패:5	制覇 せいは / 覇気 はき / 覇権 はけん / 覇者 はしゃ
払	불	필	5	불:10	払拭 ふっしょく / 未払 みはらい / 支払 しはらい / 前払 まえばらい
豊	풍	례	5	풍:13	豊漁 ほうりょう / 豊作 ほうさく / 豊年 ほうねん / 豊富 ほうふ
傍	방	팽	5	방:10	傍観 ぼうかん / 傍若無人 ぼうじゃくぶじん / 傍受 ぼうじゅ / 傍聴 ぼうちょう
竜	용·룡	농	5	용:21 룡:2	竜宮 りゅうぐう / 恐竜 きょうりゅう / 竜巻 たつまき / 登竜門 とうりゅうもん
零	령	련	5	영:4	零下 れいか / 零細 れいさい / 零時 れいじ / 零点 れいてん
尉	위	울	4	위:5	一尉 いちい / 少尉 しょうい / 大尉 たいい / 中尉 ちゅうい
喝	갈	애	4	갈:4	一喝 いっかつ / 喝采 かっさい / 喝破 かっぱ / 恐喝 きょうかつ
凸	철	돌	4	철:4	凹凸 おうとつ / 凸版 とっぱん / 凸版印刷 とっぱんいんさつ / 凸凹 でこぼこ
召	소	조	4	소:19	応召 おうしょう / 召喚 しょうかん / 召集 しょうしゅう / 召使 めしつかい
駄	태	타	4	태:7	下駄 げた / 駄菓子 だがし / 駄目 だめ / 無駄 むだ
汁	즙	집	4	즙:2	果汁 かじゅう / 胆汁 たんじゅう / 汁気 しるけ / 煮汁 にじる
麗	여·려	리	4	여:12 려:7	華麗 かれい / 壮麗 そうれい / 美辞麗句 びじれいく / 流麗 りゅうれい
控	공	강	4	공:10	控除 こうじょ / 控訴 こうそ / 控室 ひかえしつ / 基礎控除 きそこうじょ
趣	취	축	4	취:18	趣向 しゅこう / 趣旨 しゅし / 趣味 しゅみ / 趣意書 しゅいしょ
招	초	교	4	초:20	招集 しょうしゅう / 招待 しょうたい / 招致 しょうち / 招請 しょうせい
詳	상	양	4	상:23	詳細 しょうさい / 詳述 しょうじゅつ / 詳報 しょうほう / 不詳 ふしょう
貌	모	막	4	모:15	全貌 ぜんぼう / 美貌 びぼう / 変貌 へんぼう / 風貌 ふうぼう
妃	비	배	3	비:8	王妃 おうひ / 皇太子妃 こうたいしひ / 妃殿下 ひでんか
伯	백	패	3	백:17	画伯 がはく / 伯爵 はくしゃく / 伯仲 はくちゅう
渇	갈	걸	3	갈:4	渇水 かっすい / 渇望 かつぼう / 枯渇 こかつ
汽	기	흘	3	기:12	汽車 きしゃ / 汽船 きせん / 汽笛 きてき
戯	희	휘·호	3	희:10	戯画 ぎが / 戯曲 ぎきょく / 遊戯 ゆうぎ
糾	규	교	3	규:9	糾合 きゅうごう / 糾弾 きゅうだん / 紛糾 ふんきゅう
斜	사	야	3	사:43	傾斜 けいしゃ / 斜面 しゃめん / 斜陽 しゃよう
掲	게	갈·걸	3	게:4	掲載 けいさい / 掲示 けいじ / 掲揚 けいよう
帥	수	솔	3	수:15	元帥 げんすい / 総帥 そうすい / 統帥 とうすい
蛇	사	이	3	사:32	蛇口 じゃぐち / 蛇行 だこう / 大蛇 だいじゃ
摂	섭	엽	3	섭:4	摂取 せっしゅ / 摂理 せつり / 包摂 ほうせつ
漸	점	참	3	점:15	漸減 ぜんげん / 漸次 ぜんじ / 漸進 ぜんしん
挑	도	조	3	도:4	挑戦 ちょうせん / 挑発 ちょうはつ / 挑発的 ちょうはつてき
泌	비	필	3	비:4	内分泌 ないぶんぴつ / 分泌 ぶんぴつ / 泌尿器 ひにょうき
斉	제	자·체·채	2	제:11	一斉 いっせい / 斉唱 せいしょう
佳	가	개	2	가:19	佳境 かきょう / 佳作 かさく
亀	귀	균	2	귀:7 구:3	海亀 うみがめ / 亀裂 きれつ
酢	초	작	2	초:7	甘酢 あまず / 酢酸 さくさん
契	계	글	2	계:24	契機 けいき / 契約 けいやく
呉	오	우	2	오:7	呉越同舟 ごえつどうしゅう / 呉服 ごふく
勾	구	귀	2	구:1	勾配 こうばい / 勾玉 まがたま
昆	곤	혼	2	곤:2	昆虫 こんちゅう / 昆布 こんぶ
培	배	부	2	배:4	栽培 さいばい / 培養 ばいよう
斎	재	자	2	재:47	斎場 さいじょう / 書斎 しょさい
蚕	잠	천	2	잠:5	蚕糸 さんし / 養蚕 ようさん
扱	급	삽	2	급:1	事務取扱 じむとりあつかい / 取扱 とりあつかい
頃	경	규	2	경:4	手頃 てごろ / 日頃 ひごろ
拾	습	십	2	습:3	収拾 しゅうしゅう / 拾得 しゅうとく
硝	초	소	2	초:6	硝煙 しょうえん / 硝酸 しょうさん
肖	초	소	2	초:2	肖像 しょうぞう / 不肖 ふしょう
涯	애	의	2	애:4	生涯 しょうがい / 生涯教育 しょうがいきょういく
狙	저	처	2	저:3	狙撃 そげき / 狙撃兵 そげきへい
堕	타	휴	2	타:1	堕胎 だたい / 堕落 だらく
撲	박	복	2	박:4	打撲 だぼく / 撲滅 ぼくめつ
窒	질	절	2	질:2	窒素 ちっそ / 窒息 ちっそく
搭	탑	답	2	탑:3	搭載 とうさい / 搭乗 とうじょう
沸	비	불	2	비:5	湯沸器 ゆわかしき / 沸騰 ふっとう
肺	폐	패	2	폐:4	肺炎 はいえん / 肺結核 はいけっかく
濫	남·람	함	2	남:5	氾濫 はんらん / 濫造 らんぞう
較	교	각	2	교:5	比較 ひかく / 比較的 ひかくてき
秒	초	묘	2	초:3	秒速 びょうそく / 毎秒 まいびょう
冒	모	목	2	모:9	冒険 ぼうけん / 冒頭 ぼうとう
乞	걸	기	1	걸:3	乞食 こじき
昭	소	조	1	소:18	昭和 しょうわ
措	조	책	1	조:7	措置 そち
逮	체	태	1	체:3	逮捕 たいほ
劾	핵	해	1	핵:1	弾劾 だんがい
崖	애	의	1	애:2	断崖 だんがい
屯	둔	준	1	둔:3	駐屯 ちゅうとん
尼	니	일	1	이:4	尼僧 にそう
汎	범	봉	1	범:1	汎用 はんよう
頒	반	분	1	반:5	頒布 はんぷ
罷	파	피	1	파:8	罷免 ひめん
匹	필	목	1	필:2	匹敵 ひってき
盾	순	돈	1	순:2	矛盾 むじゅん
蓋	개	합	1	개:19	目蓋 まぶた
